task_idx,class,train_time_s,n_connections,delta_connections,n_dead,n_mature,n_active,n_silent,n_newly_activated,mean_theta,mean_obs_var,mean_seen_acc
0,0,0.0618,13916,0,0,0,794,517,277,0.625750,0.09832934,1.000000
1,1,0.0565,13926,0,0,0,794,428,14,0.620408,0.09745727,0.750000
2,2,0.0614,13955,0,0,10,784,377,20,0.614243,0.09773373,0.616667
3,3,0.0624,13995,0,0,10,784,347,4,0.605870,0.09949459,0.387500
4,4,0.0613,14042,0,0,10,784,330,1,0.604906,0.10104899,0.370000
5,5,0.0666,14106,10,0,10,784,303,4,0.618398,0.10142918,0.241667
6,6,0.0623,14176,0,0,10,784,290,2,0.621899,0.10168491,0.214286
7,7,0.0628,14265,0,0,10,784,276,2,0.621911,0.10189742,0.250000
8,8,0.0779,14361,0,0,10,784,264,0,0.625179,0.10261663,0.188889
9,9,0.0609,14466,0,0,10,784,250,4,0.653493,0.10310497,0.200000
0,0,17.9987,15300,1180,0,10,784,303,491,0.645960,0.01713549,1.000000
1,1,20.6001,16610,1190,0,10,784,287,14,0.644922,0.03214430,0.502500
2,2,18.2794,18007,1178,0,10,784,232,52,0.574009,0.06762569,0.333333
3,3,17.0946,19553,1205,0,10,784,212,19,0.640742,0.08504328,0.253750
4,4,16.1221,21130,1126,0,10,784,200,10,0.622642,0.09285951,0.203000
5,5,14.8280,22781,1076,0,10,784,191,7,0.612411,0.09815895,0.167500
6,6,16.1349,24582,1152,0,10,784,173,17,0.584542,0.10644784,0.149286
7,7,17.1231,26559,1174,0,10,784,136,29,0.605760,0.10745005,0.128750
8,8,15.9613,28615,1144,0,10,784,131,4,0.546179,0.10703857,0.112778
9,9,16.3190,30661,1062,0,10,784,125,4,0.605011,0.11052920,0.102000
0,0,0.5147,14095,10,0,0,794,427,367,0.634342,0.08766634,1.000000
1,1,0.5217,14164,9,0,0,794,371,5,0.642658,0.07121208,0.940000
2,2,0.5266,14304,20,0,0,794,334,24,0.637625,0.06541939,0.580000
3,3,0.5435,14502,20,0,0,794,300,10,0.662085,0.06069776,0.287500
4,4,0.6089,14758,20,0,0,794,283,4,0.672459,0.05640360,0.240000
5,5,0.5661,15074,20,0,0,794,254,5,0.642967,0.05444544,0.176667
6,6,0.5136,15443,20,0,0,794,239,2,0.616687,0.05309378,0.157143
7,7,0.5073,15875,20,0,0,794,221,9,0.636776,0.05102270,0.206250
8,8,0.5164,16374,20,0,0,794,203,0,0.651532,0.04941466,0.111111
9,9,0.5041,16908,20,0,0,794,187,0,0.650493,0.04810709,0.100000
0,0,29.0928,15247,1180,0,0,794,312,482,0.650238,0.08866511,0.000000
1,1,33.4333,16610,1243,0,0,794,290,17,0.658196,0.10343666,0.027500
2,2,29.9497,18020,1187,0,0,794,231,59,0.681714,0.14647307,0.021667
3,3,31.2549,19596,1220,0,0,794,206,24,0.691216,0.17131211,0.267500
4,4,29.3981,21206,1141,0,0,794,192,14,0.689836,0.18243864,0.224000
5,5,26.8183,22870,1082,0,0,794,181,11,0.685519,0.19148239,0.182500
6,6,29.8086,24758,1175,0,0,794,166,11,0.692783,0.20066079,0.170714
7,7,31.1209,26827,1238,0,0,794,135,30,0.704603,0.20363054,0.193125
8,8,28.9791,28941,1175,0,0,794,132,2,0.688013,0.20988002,0.156667
9,9,29.2972,31180,1175,0,0,794,130,1,0.696750,0.21302736,0.150000
0,0,0.4794,14085,10,0,0,794,429,365,0.631743,0.08711292,1.000000
1,1,0.5001,14164,19,0,0,794,371,10,0.629607,0.07108694,0.855000
2,2,0.4842,14300,20,0,0,794,328,12,0.642998,0.06551976,0.586667
3,3,0.4968,14496,20,0,0,794,291,8,0.666909,0.06134371,0.287500
4,4,0.4888,14749,20,0,0,794,269,1,0.644219,0.05767659,0.254000
5,5,0.5356,15059,20,0,0,794,246,4,0.653763,0.05636625,0.183333
6,6,0.5127,15429,20,0,0,794,234,3,0.654498,0.05466970,0.171429
7,7,0.5027,15861,19,0,0,794,212,11,0.667054,0.05287304,0.138750
8,8,0.5017,16350,15,0,0,794,199,0,0.699895,0.05218811,0.134444
9,9,0.5331,16898,20,0,0,794,194,0,0.699993,0.05099921,0.102000
0,0,0.4954,14060,10,0,0,794,417,377,0.631693,0.08867485,1.000000
1,1,0.4899,14129,9,0,0,794,374,4,0.625522,0.07267058,0.950000
2,2,0.4885,14268,20,0,0,794,334,31,0.620731,0.06668621,0.460000
3,3,0.4952,14458,20,0,0,794,303,8,0.597301,0.06159870,0.262500
4,4,0.4963,14715,20,0,0,794,277,1,0.598725,0.05790718,0.238000
5,5,0.5751,15024,20,0,0,794,260,4,0.619837,0.05566943,0.168333
6,6,0.5295,15396,20,0,0,794,241,3,0.617703,0.05296488,0.147143
7,7,0.5367,15820,18,0,0,794,216,14,0.591528,0.05092049,0.132500
8,8,0.5418,16320,20,0,0,794,199,0,0.596298,0.05110478,0.120000
9,9,0.5403,16866,17,0,0,794,186,0,0.570183,0.05079286,0.100000
0,0,0.4865,14084,10,0,0,794,420,374,0.638882,0.08798394,1.000000
1,1,0.5463,14164,20,0,0,794,372,3,0.635746,0.07131945,0.920000
2,2,0.4898,14300,20,0,0,794,340,20,0.651439,0.06433611,0.400000
3,3,0.4954,14494,20,0,0,794,312,5,0.658616,0.05872822,0.287500
4,4,0.4898,14750,20,0,0,794,292,2,0.681076,0.05492718,0.234000
5,5,0.5934,15056,16,0,0,794,265,2,0.676294,0.05328759,0.170000
6,6,0.5159,15435,20,0,0,794,231,9,0.667822,0.05134500,0.152857
7,7,0.5446,15860,17,0,0,794,212,6,0.653376,0.05007019,0.127500
8,8,0.5368,16352,20,0,0,794,200,0,0.651017,0.05031025,0.124444
9,9,0.5139,16906,20,0,0,794,188,0,0.638422,0.04951264,0.100000
0,0,0.4996,14083,10,0,0,794,431,363,0.631368,0.08863171,1.000000
1,1,0.4944,14157,14,0,0,794,375,11,0.642650,0.07610896,0.965000
2,2,0.4936,14297,20,0,0,794,333,26,0.652908,0.07141684,0.386667
3,3,0.5022,14495,20,0,0,794,298,2,0.637290,0.06771341,0.275000
4,4,0.5030,14746,20,0,0,794,276,5,0.643157,0.06612447,0.268000
5,5,0.5695,15056,20,0,0,794,254,2,0.633970,0.06318267,0.183333
6,6,0.5267,15431,20,0,0,794,243,4,0.649468,0.06180235,0.151429
7,7,0.5171,15864,20,0,0,794,216,10,0.669007,0.06017733,0.130000
8,8,0.5606,16354,15,0,0,794,205,0,0.625482,0.06166394,0.132222
9,9,0.5305,16909,20,0,0,794,195,1,0.611436,0.05994259,0.106000
0,0,0.4605,14068,10,0,0,794,414,380,0.628384,0.08811225,0.990000
1,1,0.4585,14148,20,0,0,794,375,6,0.646736,0.07214434,0.930000
2,2,0.4628,14286,20,0,0,794,337,23,0.658793,0.06665821,0.490000
3,3,0.4664,14478,20,0,0,794,307,6,0.689019,0.06031840,0.270000
4,4,0.4640,14734,20,0,0,794,276,4,0.709941,0.05610240,0.278000
5,5,0.5202,15054,20,0,0,794,257,4,0.692334,0.05306580,0.168333
6,6,0.5028,15433,20,0,0,794,243,2,0.688692,0.05123901,0.148571
7,7,0.5040,15859,20,0,0,794,221,8,0.676589,0.04936561,0.141250
8,8,0.5051,16353,20,0,0,794,208,0,0.692628,0.04919061,0.121111
9,9,0.5017,16911,20,0,0,794,193,2,0.673864,0.04847614,0.100000
0,0,0.4788,14067,10,0,0,794,423,371,0.645753,0.08828690,1.000000
1,1,0.4669,14146,19,0,0,794,362,7,0.655463,0.07302247,0.900000
2,2,0.4696,14283,20,0,0,794,326,18,0.660977,0.06694797,0.426667
3,3,0.4802,14477,17,0,0,794,293,9,0.664393,0.06155343,0.262500
4,4,0.4735,14731,20,0,0,794,263,4,0.673768,0.05755273,0.218000
5,5,0.5425,15048,20,0,0,794,250,2,0.650566,0.05620500,0.180000
6,6,0.5359,15423,20,0,0,794,237,1,0.642265,0.05366795,0.174286
7,7,0.5070,15859,20,0,0,794,213,13,0.661891,0.05141433,0.146250
8,8,0.4938,16354,20,0,0,794,196,0,0.643803,0.04959863,0.134444
9,9,0.4808,16893,20,0,0,794,185,1,0.662987,0.04979175,0.100000
0,0,0.4624,13931,10,0,0,794,419,375,0.630549,0.08797853,1.000000
1,1,0.4915,14010,19,0,0,794,377,3,0.630725,0.07161417,0.965000
2,2,0.4604,14145,20,0,0,794,337,23,0.645229,0.06615072,0.563333
3,3,0.4735,14339,20,0,0,794,303,11,0.645519,0.06186569,0.257500
4,4,0.4657,14592,20,0,0,794,276,5,0.648579,0.05791018,0.278000
5,5,0.5223,14910,20,0,0,794,258,6,0.656036,0.05543444,0.166667
6,6,0.4966,15289,20,0,0,794,233,1,0.644878,0.05240016,0.148571
7,7,0.5006,15722,18,0,0,794,219,7,0.664220,0.04988051,0.168750
8,8,0.4988,16207,20,0,0,794,205,0,0.681027,0.04941165,0.116667
9,9,0.4963,16758,20,0,0,794,188,0,0.687272,0.04886192,0.100000
0,0,0.4769,14169,10,0,0,794,426,368,0.637004,0.08769716,1.000000
1,1,0.4813,14247,18,0,0,794,372,6,0.661086,0.07212122,0.930000
2,2,0.4738,14383,20,0,0,794,327,25,0.659144,0.06534962,0.446667
3,3,0.4727,14581,20,0,0,794,303,9,0.650761,0.06075938,0.265000
4,4,0.4869,14835,20,0,0,794,273,3,0.607512,0.05589993,0.258000
5,5,0.5153,15152,20,0,0,794,255,2,0.680569,0.05811826,0.166667
6,6,0.4782,15524,20,0,0,794,239,4,0.693787,0.05640282,0.144286
7,7,0.4722,15954,20,0,0,794,215,9,0.669813,0.05440206,0.141250
8,8,0.4779,16442,20,0,0,794,191,0,0.673423,0.05301228,0.112222
9,9,0.4771,16986,20,0,0,794,179,1,0.664957,0.05280103,0.100000
0,0,0.4591,14178,10,0,0,794,435,359,0.626346,0.08915982,1.000000
1,1,0.5239,14258,20,0,0,794,385,7,0.618557,0.07224029,0.915000
2,2,0.4921,14398,20,0,0,794,345,15,0.624454,0.06587799,0.503333
3,3,0.5276,14586,19,0,0,794,307,7,0.610955,0.06063864,0.330000
4,4,0.5417,14839,20,0,0,794,276,7,0.582986,0.05660697,0.252000
5,5,0.5339,15151,20,0,0,794,262,3,0.596066,0.05467353,0.166667
6,6,0.4996,15525,20,0,0,794,244,2,0.600896,0.05342945,0.154286
7,7,0.4905,15954,20,0,0,794,218,9,0.647277,0.05113568,0.132500
8,8,0.5139,16446,20,0,0,794,204,1,0.665860,0.05077029,0.122222
9,9,0.5024,17004,20,0,0,794,192,2,0.666254,0.05024879,0.100000
0,0,0.5072,14117,10,0,0,794,442,352,0.629062,0.08949180,1.000000
1,1,0.5447,14194,17,0,0,794,371,7,0.618222,0.07385773,0.905000
2,2,0.5180,14334,20,0,0,794,330,25,0.611626,0.06769650,0.520000
3,3,0.5075,14526,20,0,0,794,291,11,0.598880,0.06169497,0.260000
4,4,0.4750,14783,20,0,0,794,268,2,0.604215,0.05724971,0.318000
5,5,0.5687,15098,20,0,0,794,254,6,0.589562,0.05588115,0.176667
6,6,0.5046,15467,20,0,0,794,235,0,0.612519,0.05419325,0.150000
7,7,0.5076,15907,20,0,0,794,216,11,0.631294,0.05203087,0.142500
8,8,0.5075,16387,20,0,0,794,203,0,0.655866,0.05170291,0.123333
9,9,0.4920,16928,15,0,0,794,189,2,0.675119,0.05052429,0.101000
0,0,0.4627,14088,10,0,0,794,431,363,0.630507,0.08756419,1.000000
1,1,0.4511,14161,13,0,0,794,367,10,0.634142,0.07252537,0.920000
2,2,0.4514,14294,20,0,0,794,331,16,0.631102,0.06766249,0.440000
3,3,0.4957,14494,20,0,0,794,298,4,0.647497,0.06276931,0.255000
4,4,0.4532,14738,20,0,0,794,272,8,0.593704,0.05786295,0.230000
5,5,0.4963,15054,18,0,0,794,257,4,0.595142,0.05701644,0.175000
6,6,0.4583,15434,20,0,0,794,239,4,0.627751,0.05468989,0.170000
7,7,0.4912,15855,20,0,0,794,215,8,0.578133,0.05284450,0.171250
8,8,0.4970,16346,20,0,0,794,192,0,0.557314,0.05164537,0.124444
9,9,0.4985,16896,20,0,0,794,179,0,0.580670,0.05082334,0.101000
0,0,0.4757,14050,10,0,0,794,424,370,0.633503,0.08849497,1.000000
1,1,0.4783,14130,20,0,0,794,388,5,0.635704,0.07315771,0.825000
2,2,0.4633,14263,20,0,0,794,341,27,0.647529,0.06682096,0.366667
3,3,0.4669,14463,20,0,0,794,303,7,0.630858,0.06189039,0.270000
4,4,0.4630,14723,20,0,0,794,286,3,0.651850,0.05779576,0.216000
5,5,0.5155,15037,20,0,0,794,260,2,0.688208,0.05970600,0.173333
6,6,0.4788,15399,20,0,0,794,240,6,0.685067,0.05625999,0.185714
7,7,0.5112,15833,20,0,0,794,222,7,0.677215,0.05338918,0.163750
8,8,0.5119,16326,20,0,0,794,209,0,0.649085,0.05106425,0.115556
9,9,0.5152,16877,20,0,0,794,195,0,0.668583,0.05015888,0.100000
0,0,0.4671,13907,10,0,0,794,429,365,0.623717,0.08688708,1.000000
1,1,0.4835,13985,18,0,0,794,383,8,0.609609,0.07100315,0.895000
2,2,0.5368,14112,20,0,0,794,337,25,0.621659,0.06511328,0.523333
3,3,0.4559,14303,20,0,0,794,293,10,0.653333,0.06025047,0.270000
4,4,0.4570,14559,20,0,0,794,275,1,0.649077,0.05563558,0.224000
5,5,0.4974,14867,20,0,0,794,260,3,0.649863,0.05229197,0.175000
6,6,0.4699,15247,20,0,0,794,239,4,0.651717,0.04959314,0.184286
7,7,0.4654,15673,20,0,0,794,214,10,0.670357,0.04835193,0.145000
8,8,0.4606,16152,20,0,0,794,195,0,0.676257,0.04795598,0.112222
9,9,0.4636,16704,20,0,0,794,185,2,0.693108,0.04728906,0.100000
0,0,0.4727,14168,10,0,0,794,414,380,0.624141,0.08711405,1.000000
1,1,0.4729,14242,14,0,0,794,373,3,0.623228,0.07053939,0.835000
2,2,0.4714,14373,20,0,0,794,328,27,0.629283,0.06413942,0.480000
3,3,0.4757,14563,20,0,0,794,302,4,0.632292,0.05930697,0.292500
4,4,0.4740,14820,20,0,0,794,284,2,0.632714,0.05512913,0.272000
5,5,0.5161,15133,20,0,0,794,263,5,0.614253,0.05313434,0.183333
6,6,0.4913,15504,20,0,0,794,238,7,0.614759,0.05095260,0.155714
7,7,0.5077,15931,19,0,0,794,210,13,0.571878,0.04865324,0.155000
8,8,0.5050,16427,20,0,0,794,201,0,0.541414,0.04935337,0.162222
9,9,0.5065,16977,20,0,0,794,186,0,0.506917,0.04796411,0.101000
0,0,0.4685,13972,10,0,0,794,435,359,0.619372,0.08823977,1.000000
1,1,0.4660,14050,18,0,0,794,369,4,0.640585,0.07346789,0.920000
2,2,0.4657,14176,20,0,0,794,329,30,0.639192,0.06875965,0.496667
3,3,0.4721,14368,20,0,0,794,298,4,0.607511,0.06333999,0.262500
4,4,0.4687,14621,20,0,0,794,278,5,0.617829,0.05839058,0.292000
5,5,0.5140,14931,20,0,0,794,263,3,0.632772,0.05705964,0.171667
6,6,0.5166,15310,20,0,0,794,244,9,0.649631,0.05490405,0.158571
7,7,0.5073,15744,20,0,0,794,210,21,0.647390,0.05225438,0.172500
8,8,0.5121,16230,20,0,0,794,204,0,0.659024,0.05148975,0.121111
9,9,0.5075,16780,20,0,0,794,192,0,0.667139,0.05068763,0.100000
0,0,0.4567,14003,10,0,0,794,427,367,0.632187,0.08762829,1.000000
1,1,0.4550,14080,18,0,0,794,376,8,0.619038,0.07212986,0.800000
2,2,0.4556,14216,20,0,0,794,327,31,0.621695,0.06632956,0.480000
3,3,0.4704,14413,20,0,0,794,297,5,0.615107,0.06151456,0.290000
4,4,0.4839,14668,20,0,0,794,270,5,0.632100,0.05690727,0.256000
5,5,0.5478,14974,20,0,0,794,246,3,0.624701,0.05522326,0.166667
6,6,0.4703,15347,20,0,0,794,229,4,0.652355,0.05317458,0.150000
7,7,0.4968,15774,19,0,0,794,215,8,0.640862,0.05104173,0.212500
8,8,0.4946,16252,20,0,0,794,193,0,0.639246,0.05146201,0.115556
9,9,0.4763,16808,20,0,0,794,185,3,0.627569,0.05059759,0.100000
0,0,0.4732,14033,10,0,0,794,424,370,0.635235,0.08683409,1.000000
1,1,0.5292,14108,15,0,0,794,375,4,0.634088,0.07188888,0.955000
2,2,0.4631,14247,20,0,0,794,334,25,0.621710,0.06657700,0.570000
3,3,0.4648,14443,20,0,0,794,295,5,0.600598,0.06111217,0.280000
4,4,0.4629,14702,20,0,0,794,271,7,0.600810,0.05752866,0.236000
5,5,0.5233,15018,20,0,0,794,263,0,0.620050,0.05405899,0.180000
6,6,0.4612,15395,20,0,0,794,249,2,0.637699,0.05198105,0.150000
7,7,0.4670,15822,20,0,0,794,214,11,0.627936,0.04987514,0.143750
8,8,0.4801,16312,20,0,0,794,196,0,0.650673,0.04864205,0.113333
9,9,0.4731,16855,20,0,0,794,189,1,0.662390,0.04807005,0.101000
0,0,0.5823,14081,10,0,0,794,434,360,0.627234,0.08864035,1.000000
1,1,0.5848,14160,19,0,0,794,373,10,0.644066,0.07373457,0.890000
2,2,0.5765,14290,20,0,0,794,330,17,0.638596,0.06835286,0.523333
3,3,0.5808,14486,20,0,0,794,300,7,0.659501,0.06253403,0.275000
4,4,0.5596,14739,20,0,0,794,278,1,0.669002,0.05834307,0.246000
5,5,0.6443,15057,20,0,0,794,251,5,0.635406,0.05821398,0.166667
6,6,0.4979,15428,20,0,0,794,236,5,0.672269,0.05517228,0.145714
7,7,0.4718,15868,20,0,0,794,212,7,0.704983,0.05278429,0.131250
8,8,0.4735,16360,19,0,0,794,190,0,0.696313,0.05197269,0.134444
0,0,0.5840,14128,10,0,0,794,422,372,0.629220,0.08732253,1.000000
9,9,0.4826,16908,20,0,0,794,180,0,0.731822,0.05048086,0.100000
0,0,0.4697,14064,10,0,0,794,415,379,0.637477,0.08763940,1.000000
1,1,0.4685,14144,20,0,0,794,372,7,0.639414,0.07217610,0.910000
2,2,0.4676,14284,20,0,0,794,333,24,0.638564,0.06532836,0.403333
3,3,0.4775,14475,20,0,0,794,308,3,0.644255,0.05973517,0.262500
4,4,0.5003,14731,19,0,0,794,280,2,0.631263,0.05567206,0.202000
5,5,0.5139,15041,20,0,0,794,264,5,0.615902,0.05426235,0.190000
6,6,0.4771,15404,20,0,0,794,225,10,0.577968,0.05219023,0.142857
7,7,0.4726,15834,20,0,0,794,204,6,0.595841,0.05026184,0.136250
8,8,0.4682,16330,20,0,0,794,193,1,0.590216,0.04981477,0.153333
9,9,0.4759,16870,20,0,0,794,183,2,0.600653,0.04919756,0.101000
0,0,0.4924,14144,10,0,0,794,423,371,0.626378,0.08564646,1.000000
1,1,0.4676,14223,19,0,0,794,372,9,0.632983,0.07017438,0.895000
2,2,0.4579,14355,20,0,0,794,325,28,0.640912,0.06449535,0.536667
3,3,0.4792,14547,20,0,0,794,299,7,0.603840,0.05984837,0.282500
4,4,0.4602,14806,20,0,0,794,273,2,0.610822,0.05521541,0.286000
5,5,0.5085,15118,20,0,0,794,251,5,0.634666,0.05406908,0.168333
6,6,0.4714,15492,20,0,0,794,237,4,0.625040,0.05118186,0.145714
7,7,0.4655,15922,18,0,0,794,213,12,0.631115,0.04935612,0.131250
8,8,0.5287,16416,20,0,0,794,199,1,0.651600,0.04877248,0.111111
9,9,0.5494,16965,20,0,0,794,182,1,0.673104,0.04835828,0.100000
0,0,0.5606,14074,10,0,0,794,407,387,0.628168,0.08749814,1.000000
1,1,0.5445,14154,20,0,0,794,364,7,0.633080,0.07220764,0.855000
2,2,0.5472,14291,20,0,0,794,325,30,0.660129,0.06570698,0.510000
3,3,0.5440,14486,20,0,0,794,289,4,0.653904,0.06045214,0.270000
4,4,0.5721,14739,20,0,0,794,267,2,0.650036,0.05643047,0.214000
5,5,0.6052,15044,20,0,0,794,254,3,0.667568,0.05405046,0.195000
6,6,0.5421,15419,20,0,0,794,237,2,0.655711,0.05219168,0.145714
7,7,0.4671,15847,20,0,0,794,204,10,0.666512,0.04999943,0.165000
8,8,0.4683,16329,20,0,0,794,184,1,0.655721,0.05070479,0.136667
9,9,0.4700,16882,20,0,0,794,170,2,0.686279,0.04903261,0.100000
0,0,0.4646,14145,10,0,0,794,418,376,0.633854,0.08753804,1.000000
1,1,0.4603,14222,17,0,0,794,377,6,0.656701,0.07143620,0.955000
2,2,0.4590,14351,20,0,0,794,329,29,0.659621,0.06586710,0.426667
3,3,0.4755,14538,20,0,0,794,305,5,0.683209,0.06181842,0.267500
4,4,0.4962,14797,20,0,0,794,271,5,0.672338,0.05743194,0.230000
5,5,0.5011,15108,16,0,0,794,260,6,0.667949,0.05620419,0.198333
6,6,0.4861,15478,20,0,0,794,245,7,0.691032,0.05424739,0.148571
7,7,0.4797,15907,20,0,0,794,219,5,0.713601,0.05243786,0.133750
8,8,0.5271,16399,20,0,0,794,209,0,0.750163,0.05165101,0.117778
9,9,0.4719,16940,20,0,0,794,191,0,0.759405,0.05033889,0.102000
0,0,0.4629,14136,10,0,0,794,426,368,0.640655,0.08673435,1.000000
1,1,0.4588,14213,17,0,0,794,378,6,0.640495,0.07088911,0.870000
2,2,0.4589,14343,20,0,0,794,336,30,0.628809,0.06382398,0.476667
3,3,0.4984,14539,20,0,0,794,303,6,0.639601,0.05958047,0.272500
4,4,0.4686,14793,20,0,0,794,270,4,0.613962,0.05544107,0.214000
5,5,0.5101,15105,20,0,0,794,259,3,0.642700,0.05298314,0.180000
6,6,0.4686,15469,20,0,0,794,245,3,0.640513,0.05047937,0.161429
7,7,0.4698,15894,20,0,0,794,218,13,0.646030,0.04821069,0.213750
8,8,0.4663,16386,20,0,0,794,205,0,0.646253,0.04685737,0.122222
9,9,0.4728,16929,20,0,0,794,194,0,0.640043,0.04678612,0.100000
0,0,28.5272,15148,1180,0,0,794,304,490,0.598295,0.22485642,0.010000
1,1,32.4065,16504,1236,0,0,794,286,17,0.605595,1.27997804,0.120000
2,2,28.6768,17924,1186,0,0,794,225,58,0.588259,1.31026208,0.048333
3,3,30.2831,19496,1225,0,0,794,196,27,0.606495,1.93895113,0.037500
4,4,29.1544,21122,1157,0,0,794,187,7,0.625212,2.38895941,0.045000
5,5,26.4183,22788,1078,0,0,794,171,13,0.643176,2.64967418,0.036667
6,6,29.0278,24665,1161,0,0,794,155,14,0.627064,2.64905858,0.034286
7,7,30.4777,26719,1228,0,0,794,131,23,0.631107,3.82715297,0.056250
8,8,28.7937,28835,1178,0,0,794,129,2,0.652941,3.91545296,0.050000
9,9,30.2540,31084,1178,0,0,794,126,3,0.671238,4.43857098,0.074500
0,0,42.3778,15229,1180,0,200,794,0,316,678,200,2.239768,0.634234,0.11020684,0.005000
1,1,47.5864,16633,1284,0,200,794,0,299,14,200,0.886445,0.639955,0.14057967,0.042500
2,2,40.7599,18031,1176,0,200,794,0,241,53,200,1.478659,0.635372,0.17495461,0.085000
3,3,41.6345,19608,1221,0,200,794,0,216,21,200,2.165474,0.613500,0.20609100,0.076250
4,4,39.3217,21230,1146,0,200,794,0,201,12,200,1.533275,0.613706,0.21504164,0.069000
5,5,37.2783,22907,1081,0,200,794,0,181,11,200,1.450002,0.612627,0.22650430,0.200833
6,6,40.9755,24783,1167,0,200,794,0,167,12,200,1.768010,0.602315,0.24207917,0.167143
7,7,41.6879,26865,1245,0,200,794,0,140,25,200,1.210001,0.612104,0.24333298,0.200000
8,8,38.6555,28990,1177,0,200,794,0,134,3,200,1.465288,0.604007,0.25436828,0.165000
9,9,39.2400,31231,1177,0,200,794,0,133,1,200,0.951292,0.618745,0.26027089,0.150000
0,0,60.6601,15586,1479,0,15,799,480,788,506,20,21.766110,0.669273,0.08089616,0.245000
0,0,42.1148,15446,1477,0,11,799,484,796,498,16,14.483197,0.611127,0.05465524,0.230000
1,1,49.3156,16538,1272,0,46,795,453,751,38,47,1.568353,0.621528,0.05729596,0.287500
2,2,42.2198,17891,1187,0,137,794,363,607,142,137,2.875643,0.567580,0.10435355,0.201667
3,3,45.9507,19466,1225,5,188,794,307,524,83,193,2.228411,0.573590,0.13798472,0.340000
